<?xml version="1.0" encoding="UTF-8"?><toplink:object-persistence xmlns:toplink="http://xmlns.oracle.com/ias/xsds/toplink" xmlns:opm="http://xmlns.oracle.com/ias/xsds/opm" xmlns:xsd="http://www.w3.org/2001/XMLSchema" xmlns:xsi="http://www.w3.org/2001/XMLSchema-instance" version="Oracle TopLink - 10g Release 3 (10.1.3.5.0) (Build 090715)">
   <opm:name>ArchivosNomina_BD</opm:name>
   <opm:class-mapping-descriptors>
      <opm:class-mapping-descriptor xsi:type="toplink:relational-class-mapping-descriptor">
         <opm:class>ArchivosNominaBD.EvnmArchivosNominas</opm:class>
         <opm:alias>EvnmArchivosNominas</opm:alias>
         <opm:primary-key>
            <opm:field table="EVNM_ARCHIVOS_NOMINAS" name="FECHA_CREACION" xsi:type="opm:column"/>
         </opm:primary-key>
         <opm:events xsi:type="toplink:event-policy"/>
         <opm:querying xsi:type="toplink:query-policy">
            <opm:queries>
               <opm:query name="findAllEvnmArchivosNominas" xsi:type="toplink:read-all-query">
                  <toplink:timeout>0</toplink:timeout>
                  <toplink:reference-class>ArchivosNominaBD.EvnmArchivosNominas</toplink:reference-class>
                  <toplink:cache-usage>primary-key</toplink:cache-usage>
                  <toplink:lock-mode>none</toplink:lock-mode>
                  <toplink:container xsi:type="toplink:list-container-policy">
                     <toplink:collection-type>java.util.Vector</toplink:collection-type>
                  </toplink:container>
               </opm:query>
            </opm:queries>
            <toplink:does-exist-query xsi:type="toplink:does-exist-query">
               <toplink:existence-check>check-database</toplink:existence-check>
            </toplink:does-exist-query>
         </opm:querying>
         <opm:attribute-mappings>
            <opm:attribute-mapping xsi:type="toplink:direct-mapping">
               <opm:attribute-name>nombreArchivo</opm:attribute-name>
               <opm:field table="EVNM_ARCHIVOS_NOMINAS" name="NOMBRE_ARCHIVO" xsi:type="opm:column"/>
               <opm:attribute-classification>java.lang.String</opm:attribute-classification>
            </opm:attribute-mapping>
            <opm:attribute-mapping xsi:type="toplink:direct-mapping">
               <opm:attribute-name>referenciaBancoProceso</opm:attribute-name>
               <opm:field table="EVNM_ARCHIVOS_NOMINAS" name="REFERENCIA_BANCO_PROCESO" xsi:type="opm:column"/>
               <opm:attribute-classification>java.math.BigDecimal</opm:attribute-classification>
            </opm:attribute-mapping>
            <opm:attribute-mapping xsi:type="toplink:direct-mapping">
               <opm:attribute-name>fechaCreacion</opm:attribute-name>
               <opm:field table="EVNM_ARCHIVOS_NOMINAS" name="FECHA_CREACION" xsi:type="opm:column"/>
               <opm:attribute-classification>java.sql.Timestamp</opm:attribute-classification>
            </opm:attribute-mapping>
            <opm:attribute-mapping xsi:type="toplink:direct-mapping">
               <opm:attribute-name>cuerpo</opm:attribute-name>
               <opm:field table="EVNM_ARCHIVOS_NOMINAS" name="CUERPO" xsi:type="opm:column"/>
               <opm:attribute-classification>java.sql.Clob</opm:attribute-classification>
            </opm:attribute-mapping>
         </opm:attribute-mappings>
         <toplink:descriptor-type>independent</toplink:descriptor-type>
         <toplink:caching>
            <toplink:cache-type>weak-reference</toplink:cache-type>
            <toplink:always-refresh>true</toplink:always-refresh>
         </toplink:caching>
         <toplink:remote-caching>
            <toplink:cache-type>weak-reference</toplink:cache-type>
         </toplink:remote-caching>
         <toplink:instantiation/>
         <toplink:copying xsi:type="toplink:instantiation-copy-policy"/>
         <toplink:change-policy xsi:type="toplink:deferred-detection-change-policy"/>
         <toplink:tables>
            <toplink:table name="EVNM_ARCHIVOS_NOMINAS"/>
         </toplink:tables>
      </opm:class-mapping-descriptor>
   </opm:class-mapping-descriptors>
</toplink:object-persistence>