<?xml version = '1.0' encoding = 'UTF-8'?>
<metadata>
   <system name="DefaultSystem" guid="96DD76C0971311DABF1A87858E4395A7" qname="DefaultSystem" status="ENABLED">
      <versionInfo>
         <ID>1139232135202</ID>
         <lastModifiedTime>Thu Jun 29 11:30:55 GMT-04:00 2006</lastModifiedTime>
         <lastModifiedUser>JDev</lastModifiedUser>
      </versionInfo>
   </system>
   <system name="BPELSystem" guid="22550841120511E18F0AC37F0B98AC10" qname="BPELSystem" status="ENABLED">
      <versionInfo>
         <ID>1321634905968</ID>
         <lastModifiedTime>Fri Nov 18 12:48:25 GMT-04:00 2011</lastModifiedTime>
         <lastModifiedUser>oc4jadmin</lastModifiedUser>
      </versionInfo>
      <serviceGroup name="default" guid="22550842120511E18F0AC37F0B98AC10" qname="BPELSystem.default" status="ENABLED">
         <versionInfo>
            <ID>1321634905968</ID>
            <lastModifiedTime>Fri Nov 18 12:48:25 GMT-04:00 2011</lastModifiedTime>
            <lastModifiedUser>oc4jadmin</lastModifiedUser>
         </versionInfo>
         <parent guid="22550841120511E18F0AC37F0B98AC10" qname="BPELSystem" type="system"/>
         <serviceGroup name="TaskManager" guid="22550843120511E18F0AC37F0B98AC10" qname="BPELSystem.default.TaskManager" status="ENABLED">
            <versionInfo>
               <ID>1321634905968</ID>
               <lastModifiedTime>Fri Nov 18 12:48:25 GMT-04:00 2011</lastModifiedTime>
               <lastModifiedUser>oc4jadmin</lastModifiedUser>
            </versionInfo>
            <parent guid="22550842120511E18F0AC37F0B98AC10" qname="BPELSystem.default" type="serviceGroup"/>
         </serviceGroup>
      </serviceGroup>
   </system>
   <system name="CustomerData" guid="C58E4241096F11E18F50010AE8BC9302" qname="CustomerData" status="ENABLED">
      <versionInfo>
         <ID>1321971136468</ID>
         <lastModifiedTime>Tue Nov 22 10:12:16 GMT-04:00 2011</lastModifiedTime>
         <lastModifiedUser>JDev_ESBSamples_CustomerData</lastModifiedUser>
      </versionInfo>
   </system>
   <system name="EnvioNominas" guid="A7F47FD0190E11E0BF9FD5B49DC5D99D" qname="EnvioNominas" status="ENABLED">
      <versionInfo>
         <ID>1312388236906</ID>
         <lastModifiedTime>Wed Aug 03 12:17:16 CLT 2011</lastModifiedTime>
         <lastModifiedUser>JDev_EnvioNominas_EnvioNominasESB</lastModifiedUser>
      </versionInfo>
      <description/>
      <parameters>
         <parameter name="Fax"/>
         <parameter name="Mobile"/>
         <parameter name="Host">canis.bicevida.cl</parameter>
         <parameter name="Phone"/>
         <parameter name="Pager"/>
         <parameter name="Email">ggortaire@acgp.cl</parameter>
         <parameter name="Port">7777</parameter>
      </parameters>
      <clusterName>esb</clusterName>
      <deferredQueueName numberOfListeners="1" topicConnectionFactory="OracleASjms/MyXATCF">OracleASjms/ESBDeferredTopic</deferredQueueName>
      <service name="ArchivoNominas" guid="4FA5B3B03AC611E0BFADCF72C385464D" qname="EnvioNominas.ArchivoNominas" status="ENABLED" serviceType="OutboundAdapterService" serviceSubType="File" typeDescription="Servicio de Adaptador de Archivo Saliente" isWSDLEditable="false" soapEndpointStatus="ENABLED">
         <versionInfo>
            <ID>1312388236906</ID>
            <lastModifiedTime>Wed Aug 03 12:17:16 CLT 2011</lastModifiedTime>
            <lastModifiedUser>JDev_EnvioNominas_EnvioNominasESB</lastModifiedUser>
         </versionInfo>
         <parent guid="A7F47FD0190E11E0BF9FD5B49DC5D99D" qname="EnvioNominas" type="system"/>
         <serviceDefinition>
            <wsdlURL>ArchivoNominas.wsdl</wsdlURL>
            <portType xmlns:tns="http://xmlns.oracle.com/pcbpel/adapter/file/ArchivoNominas/">tns:Write_ptt</portType>
            <endpointDefinition>
               <concreteWSDLURL>/esb/wsil/EnvioNominas/ArchivoNominas?wsdl</concreteWSDLURL>
               <soapEndpointURI>http://canis.bicevida.cl:7777/event/EnvioNominas/ArchivoNominas</soapEndpointURI>
            </endpointDefinition>
         </serviceDefinition>
         <operations>
            <operationInfo guid="4FA7FDA03AC611E0BFADCF72C385464D" qname="EnvioNominas.ArchivoNominas.Write" wsdlOperation="Write" mepDisplayName="Unidireccional" mep="OneWay">
               <request validate="false" xmlns:tns="http://bicevida.ws/services/envionominas" element="tns:ArchivoNominaOutput"/>
            </operationInfo>
         </operations>
      </service>
      <service name="ArchivoNominas_BCI_RS" guid="75BEAC803F8711E0BF84A3E6EA80995B" qname="EnvioNominas.ArchivoNominas_BCI_RS" status="ENABLED" serviceType="RoutingService" typeDescription="Servicio de Direccionamiento" isWSDLEditable="false" soapEndpointStatus="DISABLED">
         <versionInfo>
            <ID>1312388236906</ID>
            <lastModifiedTime>Wed Aug 03 12:17:16 CLT 2011</lastModifiedTime>
            <lastModifiedUser>JDev_EnvioNominas_EnvioNominasESB</lastModifiedUser>
         </versionInfo>
         <parent guid="A7F47FD0190E11E0BF9FD5B49DC5D99D" qname="EnvioNominas" type="system"/>
         <serviceDefinition>
            <wsdlURL>EnvioNominas_ArchivoNominas_BCI_RS.wsdl</wsdlURL>
            <portType xmlns:tns="http://oracle.com/esb/namespaces/EnvioNominas">tns:execute_ppt</portType>
            <endpointDefinition>
               <concreteWSDLURL>/esb/wsil/EnvioNominas/ArchivoNominas_BCI_RS?wsdl</concreteWSDLURL>
               <soapEndpointURI>http://canis.bicevida.cl:7777/event/EnvioNominas/ArchivoNominas_BCI_RS</soapEndpointURI>
            </endpointDefinition>
         </serviceDefinition>
         <operations>
            <operationInfo guid="13CCB5C03F8811E0BF84A3E6EA80995B" qname="EnvioNominas.ArchivoNominas_BCI_RS.generaArchivo" wsdlOperation="generaArchivo" mepDisplayName="Unidireccional" mep="OneWay">
               <request validate="false" xmlns:tns="http://bci.ws/infraestructuradenegocios/nominas/nominasbel" element="tns:cargaPeticion"/>
               <routingRules>
                  <routingRule guid="1B9115303F8811E0BF84A3E6EA80995B" subscriptionType="ANY" executionType="Immediate" status="ENABLED">
                     <targetOperation guid="4FA7FDA03AC611E0BFADCF72C385464D" qname="EnvioNominas.ArchivoNominas.Write" serviceGUID="4FA5B3B03AC611E0BFADCF72C385464D" serviceQName="EnvioNominas.ArchivoNominas" mepDisplayName="Unidireccional" mep="OneWay"/>
                     <transformation>
                        <xslFileURL>cargaPeticion_To_ArchivoNominaOutput.xsl</xslFileURL>
                     </transformation>
                  </routingRule>
               </routingRules>
            </operationInfo>
         </operations>
      </service>
      <service name="ArchivosNomina_BD" guid="2D3D73D08AE911E0AF108D90013CD2BA" qname="EnvioNominas.ArchivosNomina_BD" status="ENABLED" serviceType="OutboundAdapterService" serviceSubType="DB" typeDescription="oracle.tip.esb.console.servicetype.outbounddbadapterservice" isWSDLEditable="false" soapEndpointStatus="DISABLED">
         <versionInfo>
            <ID>1312388236906</ID>
            <lastModifiedTime>Wed Aug 03 12:17:16 CLT 2011</lastModifiedTime>
            <lastModifiedUser>JDev_EnvioNominas_EnvioNominasESB</lastModifiedUser>
         </versionInfo>
         <parent guid="A7F47FD0190E11E0BF9FD5B49DC5D99D" qname="EnvioNominas" type="system"/>
         <serviceDefinition>
            <wsdlURL>ArchivosNomina_BD.wsdl</wsdlURL>
            <portType xmlns:tns="http://xmlns.oracle.com/pcbpel/adapter/db/ArchivosNomina_BD/">tns:ArchivosNomina_BD_ptt</portType>
            <endpointDefinition>
               <concreteWSDLURL>/esb/wsil/EnvioNominas/ArchivosNomina_BD?wsdl</concreteWSDLURL>
               <soapEndpointURI>http://canis.bicevida.cl:7777/event/EnvioNominas/ArchivosNomina_BD</soapEndpointURI>
            </endpointDefinition>
         </serviceDefinition>
         <operations>
            <operationInfo guid="2D3FE4D08AE911E0AF108D90013CD2BA" qname="EnvioNominas.ArchivosNomina_BD.insert" wsdlOperation="insert" mepDisplayName="Unidireccional" mep="OneWay">
               <request validate="false" xmlns:tns="http://xmlns.oracle.com/pcbpel/adapter/db/top/ArchivosNominaBD" element="tns:EvnmArchivosNominasCollection"/>
            </operationInfo>
         </operations>
      </service>
      <service name="BCI" guid="15B9B9F139FC11E0AF6FCF506A4A0DA0" qname="EnvioNominas.BCI" status="ENABLED" serviceType="ExternalService" typeDescription="Servicio Externo" isWSDLEditable="false" soapEndpointStatus="DISABLED">
         <versionInfo>
            <ID>1312388236906</ID>
            <lastModifiedTime>Wed Aug 03 12:17:16 CLT 2011</lastModifiedTime>
            <lastModifiedUser>JDev_EnvioNominas_EnvioNominasESB</lastModifiedUser>
         </versionInfo>
         <parent guid="A7F47FD0190E11E0BF9FD5B49DC5D99D" qname="EnvioNominas" type="system"/>
         <serviceDefinition>
            <wsdlURL>nominasbel.wsdl</wsdlURL>
            <portType xmlns:tns="http://bci.ws/infraestructuradenegocios/nominas/nominasbel">tns:NominasBEL</portType>
            <endpointDefinition>
               <concreteWSDLURL>/esb/wsil/EnvioNominas/BCI?wsdl</concreteWSDLURL>
               <soapEndpointURI>http://canis.bicevida.cl:7777/event/EnvioNominas/BCI</soapEndpointURI>
            </endpointDefinition>
         </serviceDefinition>
         <operations>
            <operationInfo guid="15B9B9F239FC11E0AF6FCF506A4A0DA0" qname="EnvioNominas.BCI.cargar" wsdlOperation="cargar" mepDisplayName="Fallo de Respuesta de la Solicitud" mep="RequestResponseFault">
               <request validate="false" xmlns:tns="http://bci.ws/infraestructuradenegocios/nominas/nominasbel" element="tns:cargaPeticion"/>
               <reply validate="false" xmlns:tns="http://bci.ws/infraestructuradenegocios/nominas/nominasbel" element="tns:cargaRespuesta" schemaLocation="esb:///ESB_Projects/EnvioNominas_EnvioNominasESB/nominasbel.wsdl"/>
               <fault xmlns:tns="http://bci.ws/infraestructuradenegocios/nominas/nominasbel" element="tns:nominasBelFault" schemaLocation="esb:///ESB_Projects/EnvioNominas_EnvioNominasESB/nominasbel.wsdl"/>
            </operationInfo>
            <operationInfo guid="15B9B9F339FC11E0AF6FCF506A4A0DA0" qname="EnvioNominas.BCI.rendir" wsdlOperation="rendir" mepDisplayName="Fallo de Respuesta de la Solicitud" mep="RequestResponseFault">
               <request validate="false" xmlns:tns="http://bci.ws/infraestructuradenegocios/nominas/nominasbel" element="tns:rendicionPeticion"/>
               <reply validate="false" xmlns:tns="http://bci.ws/infraestructuradenegocios/nominas/nominasbel" element="tns:rendicionRespuesta" schemaLocation="esb:///ESB_Projects/EnvioNominas_EnvioNominasESB/nominasbel.wsdl"/>
               <fault xmlns:tns="http://bci.ws/infraestructuradenegocios/nominas/nominasbel" element="tns:nominasBelFault" schemaLocation="esb:///ESB_Projects/EnvioNominas_EnvioNominasESB/nominasbel.wsdl"/>
            </operationInfo>
         </operations>
         <endpointProperties>
            <property name="HTTP_USERNAME" value="nombel"/>
            <property name="HTTP_PASSWORD" value="nombel10"/>
         </endpointProperties>
         <trackableFields>
            <trackableField name="BCI_tf0" status="ENABLED" bindTo="REQUEST">
               <operationRef guid="15B9B9F239FC11E0AF6FCF506A4A0DA0" qname="EnvioNominas.BCI.cargar"/>
               <expression>{/tns:cargaPeticion};{ namespace tns=http://bci.ws/infraestructuradenegocios/nominas/nominasbel namespace ns0=http://bci.ws/infraestructuradenegocios/nominas/nominasbel/types/rut namespace serv=http://bci.ws/infraestructuradenegocios/nominas/nominasbel/types }</expression>
            </trackableField>
            <trackableField name="FECHA" status="ENABLED" bindTo="REQUEST">
               <operationRef guid="15B9B9F239FC11E0AF6FCF506A4A0DA0" qname="EnvioNominas.BCI.cargar"/>
               <expression>{/tns:cargaPeticion/serv:fecha};{ namespace tns=http://bci.ws/infraestructuradenegocios/nominas/nominasbel namespace ns0=http://bci.ws/infraestructuradenegocios/nominas/nominasbel/types/rut namespace serv=http://bci.ws/infraestructuradenegocios/nominas/nominasbel/types }</expression>
            </trackableField>
            <trackableField name="TIPO_ARCHIVO" status="ENABLED" bindTo="REQUEST">
               <operationRef guid="15B9B9F239FC11E0AF6FCF506A4A0DA0" qname="EnvioNominas.BCI.cargar"/>
               <expression>{/tns:cargaPeticion/serv:archivo/serv:tipo};{ namespace tns=http://bci.ws/infraestructuradenegocios/nominas/nominasbel namespace ns0=http://bci.ws/infraestructuradenegocios/nominas/nominasbel/types/rut namespace serv=http://bci.ws/infraestructuradenegocios/nominas/nominasbel/types }</expression>
            </trackableField>
            <trackableField name="BCI_tf1" status="ENABLED" bindTo="REQUEST">
               <operationRef guid="15B9B9F339FC11E0AF6FCF506A4A0DA0" qname="EnvioNominas.BCI.rendir"/>
               <expression>{/tns:rendicionPeticion};{ namespace tns=http://bci.ws/infraestructuradenegocios/nominas/nominasbel namespace ns0=http://bci.ws/infraestructuradenegocios/nominas/nominasbel/types/rut namespace serv=http://bci.ws/infraestructuradenegocios/nominas/nominasbel/types }</expression>
            </trackableField>
            <trackableField name="BCI_tf2" status="ENABLED" bindTo="RESPONSE">
               <operationRef guid="15B9B9F339FC11E0AF6FCF506A4A0DA0" qname="EnvioNominas.BCI.rendir"/>
               <expression>{/tns:rendicionRespuesta};{ namespace tns=http://bci.ws/infraestructuradenegocios/nominas/nominasbel namespace ns0=http://bci.ws/infraestructuradenegocios/nominas/nominasbel/types/rut namespace serv=http://bci.ws/infraestructuradenegocios/nominas/nominasbel/types }</expression>
            </trackableField>
         </trackableFields>
      </service>
      <service name="EnvioNominas_BCI_RS" guid="A57C39003ADD11E0BF898514F6D1BFC1" qname="EnvioNominas.EnvioNominas_BCI_RS" status="ENABLED" serviceType="RoutingService" typeDescription="Servicio de Direccionamiento" isWSDLEditable="false" soapEndpointStatus="DISABLED">
         <versionInfo>
            <ID>1312388236906</ID>
            <lastModifiedTime>Wed Aug 03 12:17:16 CLT 2011</lastModifiedTime>
            <lastModifiedUser>JDev_EnvioNominas_EnvioNominasESB</lastModifiedUser>
         </versionInfo>
         <parent guid="A7F47FD0190E11E0BF9FD5B49DC5D99D" qname="EnvioNominas" type="system"/>
         <serviceDefinition>
            <wsdlURL>EnvioNominas_EnvioNominas_BCI_RS.wsdl</wsdlURL>
            <portType xmlns:tns="http://oracle.com/esb/namespaces/EnvioNominas">tns:envioNominas_BCI_Port</portType>
            <endpointDefinition>
               <concreteWSDLURL>/esb/wsil/EnvioNominas/EnvioNominas_BCI_RS?wsdl</concreteWSDLURL>
               <soapEndpointURI>http://canis.bicevida.cl:7777/event/EnvioNominas/EnvioNominas_BCI_RS</soapEndpointURI>
            </endpointDefinition>
         </serviceDefinition>
         <operations>
            <operationInfo guid="A57C39013ADD11E0BF898514F6D1BFC1" qname="EnvioNominas.EnvioNominas_BCI_RS.cargar" wsdlOperation="cargar" mepDisplayName="Fallo de Respuesta de la Solicitud" mep="RequestResponseFault">
               <request validate="false" xmlns:tns="http://bicevida.ws/services/envionominas" element="tns:CargaNominaInput"/>
               <reply validate="false" xmlns:tns="http://bicevida.ws/services/envionominas" element="tns:CargaNominaOutput" schemaLocation="esb:///ESB_Projects/EnvioNominas_EnvioNominasESB/EnvioNominas.xsd"/>
               <fault xmlns:tns="http://bicevida.ws/services/envionominas" element="tns:EnvioNominasFault" schemaLocation="esb:///ESB_Projects/EnvioNominas_EnvioNominasESB/EnvioNominas.xsd"/>
               <routingRules>
                  <routingRule guid="6B677640BD5411E0BFF5A916580EAE72" subscriptionType="ANY" executionType="Immediate" status="ENABLED">
                     <targetOperation guid="15B9B9F239FC11E0AF6FCF506A4A0DA0" qname="EnvioNominas.BCI.cargar" serviceGUID="15B9B9F139FC11E0AF6FCF506A4A0DA0" serviceQName="EnvioNominas.BCI" mepDisplayName="Fallo de Respuesta de la Solicitud" mep="RequestResponseFault"/>
                     <transformation>
                        <xslFileURL>CargaNominaInput_To_cargaPeticion.xsl</xslFileURL>
                     </transformation>
                     <replyHandler>
                        <transformation attachRequestPayload="false">
                           <xslFileURL>cargaRespuesta_To_CargaNominaOutput.xsl</xslFileURL>
                        </transformation>
                     </replyHandler>
                  </routingRule>
               </routingRules>
            </operationInfo>
            <operationInfo guid="A57C39023ADD11E0BF898514F6D1BFC1" qname="EnvioNominas.EnvioNominas_BCI_RS.rendir" wsdlOperation="rendir" mepDisplayName="Fallo de Respuesta de la Solicitud" mep="RequestResponseFault">
               <request validate="false" xmlns:tns="http://bicevida.ws/services/envionominas" element="tns:RindeNominaInput"/>
               <reply validate="false" xmlns:tns="http://bicevida.ws/services/envionominas" element="tns:RindeNominaOutput" schemaLocation="esb:///ESB_Projects/EnvioNominas_EnvioNominasESB/EnvioNominas.xsd"/>
               <fault xmlns:tns="http://bicevida.ws/services/envionominas" element="tns:EnvioNominasFault" schemaLocation="esb:///ESB_Projects/EnvioNominas_EnvioNominasESB/EnvioNominas.xsd"/>
               <routingRules>
                  <routingRule guid="6B677641BD5411E0BFF5A916580EAE72" subscriptionType="ANY" executionType="Immediate" status="ENABLED">
                     <targetOperation guid="15B9B9F339FC11E0AF6FCF506A4A0DA0" qname="EnvioNominas.BCI.rendir" serviceGUID="15B9B9F139FC11E0AF6FCF506A4A0DA0" serviceQName="EnvioNominas.BCI" mepDisplayName="Fallo de Respuesta de la Solicitud" mep="RequestResponseFault"/>
                     <transformation>
                        <xslFileURL>RindeNominaInput_To_rendicionPeticion.xsl</xslFileURL>
                     </transformation>
                     <replyHandler>
                        <transformation attachRequestPayload="false">
                           <xslFileURL>rendicionRespuesta_To_RindeNominaOutput.xsl</xslFileURL>
                        </transformation>
                     </replyHandler>
                  </routingRule>
               </routingRules>
            </operationInfo>
            <operationInfo guid="A57C39033ADD11E0BF898514F6D1BFC1" qname="EnvioNominas.EnvioNominas_BCI_RS.generarArchivo" wsdlOperation="generarArchivo" mepDisplayName="Unidireccional" mep="OneWay">
               <request validate="false" xmlns:tns="http://bicevida.ws/services/envionominas" element="tns:CargaNominaInput"/>
               <routingRules>
                  <routingRule guid="6B677642BD5411E0BFF5A916580EAE72" subscriptionType="ANY" executionType="Immediate" status="ENABLED">
                     <targetOperation guid="13CCB5C03F8811E0BF84A3E6EA80995B" qname="EnvioNominas.ArchivoNominas_BCI_RS.generaArchivo" serviceGUID="75BEAC803F8711E0BF84A3E6EA80995B" serviceQName="EnvioNominas.ArchivoNominas_BCI_RS" mepDisplayName="Unidireccional" mep="OneWay"/>
                     <transformation>
                        <xslFileURL>CargaNominaInput_To_cargaPeticion.xsl</xslFileURL>
                     </transformation>
                  </routingRule>
               </routingRules>
            </operationInfo>
         </operations>
         <trackableFields>
            <trackableField name="EnvioNominas_BCI_RS_tf0" status="ENABLED" bindTo="REQUEST">
               <operationRef guid="A57C39023ADD11E0BF898514F6D1BFC1" qname="EnvioNominas.EnvioNominas_BCI_RS.rendir"/>
               <expression>{/ns0:RindeNominaInput};{ namespace ns0=http://bicevida.ws/services/envionominas }</expression>
            </trackableField>
            <trackableField name="EnvioNominas_BCI_RS_tf1" status="ENABLED" bindTo="RESPONSE">
               <operationRef guid="A57C39023ADD11E0BF898514F6D1BFC1" qname="EnvioNominas.EnvioNominas_BCI_RS.rendir"/>
               <expression>{/ns0:RindeNominaOutput};{ namespace ns0=http://bicevida.ws/services/envionominas }</expression>
            </trackableField>
         </trackableFields>
      </service>
      <service name="EnvioNominas_RS" guid="9A0ECEC03ADD11E0BF898514F6D1BFC1" qname="EnvioNominas.EnvioNominas_RS" status="ENABLED" serviceType="RoutingService" typeDescription="Servicio de Direccionamiento" isWSDLEditable="false" soapEndpointStatus="ENABLED">
         <versionInfo>
            <ID>1314804938397</ID>
            <lastModifiedTime>Wed Aug 31 11:35:38 CLT 2011</lastModifiedTime>
            <lastModifiedUser>JDev_EnvioNominas_EnvioNominasESB</lastModifiedUser>
         </versionInfo>
         <parent guid="A7F47FD0190E11E0BF9FD5B49DC5D99D" qname="EnvioNominas" type="system"/>
         <serviceDefinition>
            <wsdlURL>EnvioNominas_EnvioNominas_RS.wsdl</wsdlURL>
            <portType xmlns:tns="http://oracle.com/esb/namespaces/EnvioNominas">tns:envioNominasPort</portType>
            <endpointDefinition>
               <concreteWSDLURL>/esb/wsil/EnvioNominas/EnvioNominas_RS?wsdl</concreteWSDLURL>
               <soapEndpointURI>http://canis.bicevida.cl:7777/event/EnvioNominas/EnvioNominas_RS</soapEndpointURI>
            </endpointDefinition>
         </serviceDefinition>
         <operations>
            <operationInfo guid="9A0ECEC13ADD11E0BF898514F6D1BFC1" qname="EnvioNominas.EnvioNominas_RS.cargar" wsdlOperation="cargar" mepDisplayName="Fallo de Respuesta de la Solicitud" mep="RequestResponseFault">
               <request validate="false" xmlns:tns="http://bicevida.ws/services/envionominas" element="tns:CargaNominaInput"/>
               <reply validate="false" xmlns:tns="http://bicevida.ws/services/envionominas" element="tns:CargaNominaOutput" schemaLocation="esb:///ESB_Projects/EnvioNominas_EnvioNominasESB/EnvioNominas.xsd"/>
               <fault xmlns:tns="http://bicevida.ws/services/envionominas" element="tns:EnvioNominasFault" schemaLocation="esb:///ESB_Projects/EnvioNominas_EnvioNominasESB/EnvioNominas.xsd"/>
               <routingRules>
                  <routingRule guid="65FB6DE03DE011E09F0FABD997A97532" subscriptionType="ANY" executionType="Immediate" status="ENABLED">
                     <targetOperation guid="A57C39013ADD11E0BF898514F6D1BFC1" qname="EnvioNominas.EnvioNominas_BCI_RS.cargar" serviceGUID="A57C39003ADD11E0BF898514F6D1BFC1" serviceQName="EnvioNominas.EnvioNominas_BCI_RS" mepDisplayName="Fallo de Respuesta de la Solicitud" mep="RequestResponseFault"/>
                     <filterExpression>{/out1:CargaNominaInput/out1:datosCabecera/out1:bancoProceso='32'};{ namespace out1=http://bicevida.ws/services/envionominas }</filterExpression>
                  </routingRule>
               </routingRules>
            </operationInfo>
            <operationInfo guid="9A0ECEC23ADD11E0BF898514F6D1BFC1" qname="EnvioNominas.EnvioNominas_RS.rendir" wsdlOperation="rendir" mepDisplayName="Fallo de Respuesta de la Solicitud" mep="RequestResponseFault">
               <request validate="false" xmlns:tns="http://bicevida.ws/services/envionominas" element="tns:RindeNominaInput"/>
               <reply validate="false" xmlns:tns="http://bicevida.ws/services/envionominas" element="tns:RindeNominaOutput" schemaLocation="esb:///ESB_Projects/EnvioNominas_EnvioNominasESB/EnvioNominas.xsd"/>
               <fault xmlns:tns="http://bicevida.ws/services/envionominas" element="tns:EnvioNominasFault" schemaLocation="esb:///ESB_Projects/EnvioNominas_EnvioNominasESB/EnvioNominas.xsd"/>
               <routingRules>
                  <routingRule guid="65FB6DE13DE011E09F0FABD997A97532" subscriptionType="ANY" executionType="Immediate" status="ENABLED">
                     <targetOperation guid="A57C39023ADD11E0BF898514F6D1BFC1" qname="EnvioNominas.EnvioNominas_BCI_RS.rendir" serviceGUID="A57C39003ADD11E0BF898514F6D1BFC1" serviceQName="EnvioNominas.EnvioNominas_BCI_RS" mepDisplayName="Fallo de Respuesta de la Solicitud" mep="RequestResponseFault"/>
                     <filterExpression>{/out1:RindeNominaInput/out1:datosCabecera/out1:bancoProceso='32'};{ namespace out1=http://bicevida.ws/services/envionominas }</filterExpression>
                  </routingRule>
               </routingRules>
            </operationInfo>
            <operationInfo guid="9A0ECEC33ADD11E0BF898514F6D1BFC1" qname="EnvioNominas.EnvioNominas_RS.generarArchivo" wsdlOperation="generarArchivo" mepDisplayName="Unidireccional" mep="OneWay">
               <request validate="false" xmlns:tns="http://bicevida.ws/services/envionominas" element="tns:CargaNominaInput"/>
               <routingRules>
                  <routingRule guid="65FB6DE23DE011E09F0FABD997A97532" subscriptionType="ANY" executionType="Immediate" status="ENABLED">
                     <targetOperation guid="A57C39033ADD11E0BF898514F6D1BFC1" qname="EnvioNominas.EnvioNominas_BCI_RS.generarArchivo" serviceGUID="A57C39003ADD11E0BF898514F6D1BFC1" serviceQName="EnvioNominas.EnvioNominas_BCI_RS" mepDisplayName="Unidireccional" mep="OneWay"/>
                     <filterExpression>{/out1:CargaNominaInput/out1:datosCabecera/out1:bancoProceso='32'};{ namespace out1=http://bicevida.ws/services/envionominas }</filterExpression>
                  </routingRule>
               </routingRules>
            </operationInfo>
         </operations>
         <trackableFields>
            <trackableField name="EnvioNominas_RS_tf2" status="ENABLED" bindTo="REQUEST">
               <operationRef guid="9A0ECEC13ADD11E0BF898514F6D1BFC1" qname="EnvioNominas.EnvioNominas_RS.cargar"/>
               <expression>{/ns0:CargaNominaInput/ns0:nomina/ns0:idProceso};{ namespace ns0=http://bicevida.ws/services/envionominas }</expression>
            </trackableField>
            <trackableField name="EnvioNominas_RS_tf5" status="ENABLED" bindTo="REQUEST">
               <operationRef guid="9A0ECEC13ADD11E0BF898514F6D1BFC1" qname="EnvioNominas.EnvioNominas_RS.cargar"/>
               <expression>{/ns0:CargaNominaInput/ns0:nomina/ns0:registrosNomina};{ namespace ns0=http://bicevida.ws/services/envionominas }</expression>
            </trackableField>
            <trackableField name="EnvioNominas_RS_tf1" status="ENABLED" bindTo="REQUEST">
               <operationRef guid="9A0ECEC13ADD11E0BF898514F6D1BFC1" qname="EnvioNominas.EnvioNominas_RS.cargar"/>
               <expression>{/ns0:CargaNominaInput/ns0:nomina/ns0:idNomina};{ namespace ns0=http://bicevida.ws/services/envionominas }</expression>
            </trackableField>
            <trackableField name="EnvioNominas_RS_tf3" status="ENABLED" bindTo="REQUEST">
               <operationRef guid="9A0ECEC13ADD11E0BF898514F6D1BFC1" qname="EnvioNominas.EnvioNominas_RS.cargar"/>
               <expression>{/ns0:CargaNominaInput/ns0:nomina/ns0:fechaPago};{ namespace ns0=http://bicevida.ws/services/envionominas }</expression>
            </trackableField>
            <trackableField name="EnvioNominas_RS_tf0" status="ENABLED" bindTo="REQUEST">
               <operationRef guid="9A0ECEC13ADD11E0BF898514F6D1BFC1" qname="EnvioNominas.EnvioNominas_RS.cargar"/>
               <expression>{/ns0:CargaNominaInput/ns0:datosCabecera};{ namespace ns0=http://bicevida.ws/services/envionominas }</expression>
            </trackableField>
         </trackableFields>
      </service>
   </system>
</metadata>
